{"test_suite": [{"test_name": "Problem 1a", "variable_name": "x", "score": 2, "description": "Approximate root", "hint_not_defined": "Check that your variable is defined", "hint_wrong_type": "Check that your variable is a float "}, {"test_name": "Problem 1b", "variable_name": "n", "score": 1, "description": "number of iterations", "hint_not_defined": "Check that your variable is defined", "hint_wrong_type": "Check that your variable is a float "}], "number_of_attempts": -1, "supported_platforms": ["python"], "extra_files": [], "main_file_name": null}