{"test_suite": [{"test_name": "Problem 1a", "variable_name": "backward_diff", "score": 2, "description": "Backward Difference", "hint_not_defined": "Check that your variable is defined", "hint_wrong_type": "Check that your variable is a 1D array"}, {"test_name": "Problem 1b", "variable_name": "central_diff", "score": 2, "description": "Central Difference", "hint_not_defined": "Check that your variable is defined", "hint_wrong_type": "Check that your variable is a 1D array"}], "number_of_attempts": -1, "supported_platforms": ["python"], "extra_files": [], "main_file_name": null}