{"test_suite": [{"test_name": "Problem 1a", "variable_name": "TR1a", "score": 1.25, "description": "Trapazoid Rule arc length", "hint_not_defined": "Check that your variable is defined", "hint_wrong_type": "Check that your variable is a float"}, {"test_name": "Problem 1b", "variable_name": "TR1b", "score": 1.25, "description": "Trapazoid Rule arc length", "hint_not_defined": "Check that your variable is defined", "hint_wrong_type": "Check that your variable is a float"}, {"test_name": "Problem 2a", "variable_name": "TR2a", "score": 1.25, "description": "Trapazoid Rule baseball weight", "hint_not_defined": "Check that your variable is defined", "hint_wrong_type": "Check that your variable is a float"}, {"test_name": "Problem 2b", "variable_name": "TR2b", "score": 1.25, "description": "Trapazoid Rule baseball weight", "hint_not_defined": "Check that your variable is defined", "hint_wrong_type": "Check that your variable is a float"}], "number_of_attempts": -1, "supported_platforms": ["python"], "extra_files": [], "main_file_name": null}