{"test_suite": [{"test_name": "Problem 1a matrix A", "variable_name": "A", "description": "Initialize A", "atol": 1e-08, "score": 0.2, "hint_not_defined": "Double check that you named your array A.", "hint_wrong_type_python": "Make sure you are using a numpy array.", "hint_wrong_size_python": "Your A variable should be a 2x3 2D array."}, {"test_name": "Problem 1a matrix B", "variable_name": "B", "description": "Initialize B", "atol": 1e-08, "score": 0.2, "hint_not_defined": "Double check that you named your array B.", "hint_wrong_type_python": "Make sure you are using a numpy Array.", "hint_wrong_size_python": "Your B variable should be a 2x3 2D array."}, {"test_name": "Problem 1a matrix C", "variable_name": "C", "description": "Initialize C", "atol": 1e-08, "score": 0.2, "hint_not_defined": "Double check that you named your answer C.", "hint_wrong_type_python": "Make sure you are using a numpy array.", "hint_wrong_size_python": "Your C variable should be a 2x2 2D array."}, {"test_name": "Problem 1a matrix D", "variable_name": "D", "description": "Initialize D", "atol": 1e-08, "score": 0.2, "hint_not_defined": "Double check that you named your answer D.", "hint_wrong_type_python": "Make sure you are using a numpy array.", "hint_wrong_size_python": "Your D variable should be a 2x2 2D array."}, {"test_name": "Problem 1a vector x", "variable_name": "x", "description": "Initialize x", "atol": 1e-08, "score": 0.1, "hint_not_defined": "Double check that you named your answer x.", "hint_wrong_type_python": "Make sure you are using a numpy array.", "hint_wrong_size_python": "Your x variable should be a 2x1 2D array."}, {"test_name": "Problem 1b", "variable_name": "ans1", "description": "Calculate B-(1/2)A", "atol": 1e-08, "score": 0.3, "hint_not_defined": "Double check that you named your answer ans1.", "hint_wrong_type_python": "Make sure you are using a numpy array.", "hint_wrong_size_python": "Your answer should be a 2x3 2D array."}, {"test_name": "Problem 1c", "variable_name": "ans2", "description": "Calculate CD", "atol": 1e-08, "score": 0.3, "hint_not_defined": "Double check that you named your answer ans2.", "hint_wrong_type_python": "Make sure you are using a numpy array.", "hint_wrong_size_python": "Your answer should be a 2x2 2D array.", "hint_wrong_operator_python": "Make sure to use @ and not * for matrix multiplication"}, {"test_name": "Problem 1d", "variable_name": "ans3", "description": "Calculate A + 3B.", "atol": 1e-08, "score": 0.3, "hint_not_defined": "Double check that you named your answer ans3.", "hint_wrong_type_python": "Make sure you are using a numpy array.", "hint_wrong_size_python": "Your answer should be a 2x3 2D array."}, {"test_name": "Problem 1e", "variable_name": "ans4", "description": "Calculate DB.", "atol": 1e-08, "score": 0.3, "hint_not_defined": "Double check that you named your answer ans4.", "hint_wrong_type_python": "Make sure you are using a numpy array.", "hint_wrong_size_python": "Your answer should be a 2x3 2D array.", "hint_wrong_operator_python": "Make sure to use @ and not * for matrix multiplication"}, {"test_name": "Problem 1f", "variable_name": "ans5", "description": "Calculate Cx.", "atol": 1e-08, "score": 0.3, "hint_not_defined": "Double check that you named your answer ans5.", "hint_wrong_type_python": "Make sure you are using a numpy array.", "hint_wrong_size_python": "Your answer should be a 2x1 2D array.", "hint_wrong_operator_python": "Make sure to use @ and not * for matrix multiplication"}, {"test_name": "Problem 1g", "variable_name": "ans6", "description": "Calculate A^T + B^T.", "atol": 1e-08, "score": 0.3, "hint_not_defined": "Double check that you named your answer ans6.", "hint_wrong_type_python": "Make sure you are using a numpy array.", "hint_wrong_size_python": "Your answer should be a 3x2 2D array.", "hint_wrong_function_python": "Make sure to use np.transpose()"}, {"test_name": "Problem 1h", "variable_name": "ans7", "description": "Calculate (CD)^T.", "atol": 1e-08, "score": 0.3, "hint_not_defined": "Double check that you named your answer ans7.", "hint_wrong_type_python": "Make sure you are using a numpy array.", "hint_wrong_size_python": "Your answer should be a 2x2 2D array.", "hint_wrong_function_python": "Make sure to use np.transpose()"}, {"test_name": "Problem 2a", "variable_name": "A1", "description": "Create A1 with for loops.", "atol": 1e-08, "score": 0.8, "hint_not_defined": "Double check that you named your answer A.", "hint_python": "This can be done without the incrementing technique.", "hint_wrong_size_python": "Your answer should be a 12x15 2D array."}, {"test_name": "Problem 2b", "variable_name": "A2", "description": "Create A2.", "atol": 1e-08, "score": 0.4, "hint_not_defined": "Double check that you named your answer A2.", "hint_python": "Try array slicing.", "hint_wrong_size_python": "Your answer should be a 1x15 2D array."}, {"test_name": "Problem 2c", "variable_name": "A3", "description": "Create A3.", "atol": 1e-08, "score": 0.4, "hint_not_defined": "Double check that you named your answer A3.", "hint_python": "Are you slicing the right rows and columns.", "hint_wrong_size_python": "Your answer should be a 3x4 2D array."}, {"test_name": "Problem 2d", "variable_name": "A4", "description": "Create A4.", "atol": 1e-08, "score": 0.4, "hint_not_defined": "Double check that you named your answer A4.", "hint_python": "Are you slicing the right rows and columns.", "hint_wrong_size_python": "Your answer should be a 1x15 2D array."}], "number_of_attempts": -1, "supported_platforms": ["python"], "extra_files": [], "main_file_name": null}