{"test_suite": [{"test_name": "Problem 1a", "variable_name": "A1", "score": 0.25, "description": "Create A1", "hint_not_defined": "Check that your variable is defined", "hint_wrong_type": "Check that your variable is a 2D numpy array", "hint_wrong_size": "Check that your variable is the correct size"}, {"test_name": "Problem 1b", "variable_name": "b1", "score": 0.25, "description": "Create b1", "hint_not_defined": "Check that your variable is defined", "hint_wrong_type": "Check that your variable is a 1D numpy array", "hint_wrong_size": "Check that your variable is the correct size"}, {"test_name": "Problem 1c part 1", "variable_name": "L1", "score": 0.25, "description": "L1 from LU factorization", "hint_not_defined": "Check that your variable is defined", "hint_wrong_type": "Check that your variable is a 2D numpy array", "hint_wrong_size": "Check that your variable is the correct size"}, {"test_name": "Problem 1c part 2", "variable_name": "U1", "score": 0.25, "description": "U1 from LU factorization", "hint_not_defined": "Check that your variable is defined", "hint_wrong_type": "Check that your variable is a 2D numpy array", "hint_wrong_size": "Check that your variable is the correct size"}, {"test_name": "Problem 1d", "variable_name": "z1", "score": 0.5, "description": "forward substitution", "hint_not_defined": "Check that your variable is defined", "hint_wrong_type": "Check that your variable is a 1D numpy array", "hint_wrong_size": "Check that your variable is the correct size"}, {"test_name": "Problem 1e", "variable_name": "x1", "score": 0.25, "description": "backward substitution", "hint_not_defined": "Check that your variable is defined", "hint_wrong_type": "Check that your variable is a 1D numpy array", "hint_wrong_size": "Check that your variable is the correct size"}, {"test_name": "Problem 2a", "variable_name": "A2", "score": 0.25, "description": "Create A2", "hint_not_defined": "Check that your variable is defined", "hint_wrong_type": "Check that your variable is a 2D numpy array", "hint_wrong_size": "Check that your variable is the correct size"}, {"test_name": "Problem 2b part 1", "variable_name": "L2", "score": 0.25, "description": "L2 in LU factorization", "hint_not_defined": "Check that your variable is defined", "hint_wrong_type": "Check that your variable is a 2D numpy array", "hint_wrong_size": "Check that your variable is the correct size"}, {"test_name": "Problem 2b part 2", "variable_name": "U2", "score": 0.25, "description": "U2 in LU factorization", "hint_not_defined": "Check that your variable is defined", "hint_wrong_type": "Check that your variable is a 2D numpy array", "hint_wrong_size": "Check that your variable is the correct size"}, {"test_name": "Problem 2c", "variable_name": "t0", "score": 0.25, "description": "Set up t0", "hint_not_defined": "Check that your variable is defined", "hint_wrong_type": "Check that your variable is a 1D numpy array", "hint_wrong_size": "Check that your variable is the correct size"}, {"test_name": "Problem 2d", "variable_name": "z2", "score": 0.5, "description": "Forward substitution", "hint_not_defined": "Check that your variable is defined", "hint_wrong_type": "Check that your variable is a 1D numpy array", "hint_wrong_size": "Check that your variable is the correct size"}, {"test_name": "Problem 2e", "variable_name": "t1", "score": 0.25, "description": "Backward substitution", "hint_not_defined": "Check that your variable is defined", "hint_wrong_type": "Check that your variable is a 1D numpy array", "hint_wrong_size": "Check that your variable is the correct size"}, {"test_name": "Problem 2f", "variable_name": "z3", "score": 0.5, "description": "Forward substitution", "hint_not_defined": "Check that your variable is defined", "hint_wrong_type": "Check that your variable is a 1D numpy array", "hint_wrong_size": "Check that your variable is the correct size"}, {"test_name": "Problem 2g", "variable_name": "t2", "score": 0.25, "description": "Backward Substitution", "hint_not_defined": "Check that your variable is defined", "hint_wrong_type": "Check that your variable is a 1D numpy array", "hint_wrong_size": "Check that your variable is the correct size"}, {"test_name": "Problem 2h", "variable_name": "z4", "score": 0.5, "description": "forward Substitution", "hint_not_defined": "Check that your variable is defined", "hint_wrong_type": "Check that your variable is a 1D numpy array", "hint_wrong_size": "Check that your variable is the correct size"}, {"test_name": "Problem 2i", "variable_name": "t3", "score": 0.25, "description": "backwards Substitution", "hint_not_defined": "Check that your variable is defined", "hint_wrong_type": "Check that your variable is a 1D numpy array", "hint_wrong_size": "Check that your variable is the correct size"}], "number_of_attempts": -1, "supported_platforms": ["python"], "extra_files": [], "main_file_name": null}